{
  "w_svm": 0.25,
  "w_ae": 0.75,
  "thr": 6.359535158602902,
  "thr_quantile": 0.92,
  "svm_ref": {
    "median": -29.182877620689354,
    "mad": 5.581601507470598
  },
  "ae_ref": {
    "median": 0.03879103809595108,
    "mad": 0.031532273696495056
  }
}